"referenceID","objectType","objectID"
"5","MODEL","7"
"6","MODEL","7"
"82","COMPONENT","82"
"66","COMPONENT","53"
"15","COMPONENT","52"
"28","COMPONENT","52"
"12","COMPONENT","52"
"101","COMPONENT","60"
"13","COMPONENT","86"
"105","COMPONENT","60"
"28","COMPONENT","61"
"29","COMPONENT","61"
"30","COMPONENT","61"
"31","COMPONENT","61"
"32","COMPONENT","61"
"33","COMPONENT","61"
"35","COMPONENT","62"
"34","COMPONENT","62"
"13","COMPONENT","80"
"36","COMPONENT","89"
"14","COMPONENT","112"
"112","COMPONENT","112"
"57","COMPONENT","114"
"58","COMPONENT","114"
"53","COMPONENT","113"
"21","COMPONENT","97"
"22","COMPONENT","97"
"37","COMPONENT","98"
"46","COMPONENT","104"
"47","COMPONENT","104"
"48","COMPONENT","104"
"49","COMPONENT","100"
"38","COMPONENT","99"
"40","COMPONENT","99"
"41","COMPONENT","99"
"42","COMPONENT","99"
"43","COMPONENT","99"
"44","COMPONENT","99"
"50","COMPONENT","103"
"51","COMPONENT","103"
"6","COMPONENT","56"
"5","COMPONENT","56"
"26","COMPONENT","56"
"25","COMPONENT","56"
"69","COMPONENT","56"
"68","COMPONENT","53"
"26","COMPONENT","53"
"69","COMPONENT","53"
"70","COMPONENT","53"
"11","COMPONENT","111"
"71","COMPONENT","64"
"72","COMPONENT","64"
"74","COMPONENT","66"
"15","COMPONENT","66"
"76","COMPONENT","73"
"75","COMPONENT","73"
"12","COMPONENT","65"
"15","COMPONENT","65"
"28","COMPONENT","65"
"73","COMPONENT","66"
"74","COMPONENT","66"
"73","COMPONENT","66"
"81","COMPONENT","87"
"64","COMPONENT","87"
"34","COMPONENT","61"
"78","COMPONENT","84"
"79","COMPONENT","84"
"80","COMPONENT","84"
"64","COMPONENT","84"
"14","COMPONENT","84"
"14","COMPONENT","80"
"77","COMPONENT","80"
"81","COMPONENT","87"
"64","COMPONENT","87"
"21","COMPONENT","97"
"22","COMPONENT","97"
"7","COMPONENT","97"
"37","COMPONENT","98"
"38","COMPONENT","99"
"40","COMPONENT","99"
"41","COMPONENT","99"
"42","COMPONENT","99"
"43","COMPONENT","99"
"130","COMPONENT","81"
"44","COMPONENT","103"
"50","COMPONENT","103"
"51","COMPONENT","103"
"46","COMPONENT","104"
"47","COMPONENT","104"
"48","COMPONENT","104"
"13","COMPONENT","83"
"83","COMPONENT","82"
"13","COMPONENT","85"
"84","COMPONENT","85"
"13","COMPONENT","86"
"57","COMPONENT","114"
"58","COMPONENT","114"
"53","COMPONENT","113"
"85","COMPONENT","113"
"54","COMPONENT","112"
"55","COMPONENT","112"
"56","COMPONENT","112"
"86","COMPONENT","111"
"87","COMPONENT","95"
"88","COMPONENT","94"
"89","COMPONENT","93"
"90","COMPONENT","93"
"91","COMPONENT","93"
"92","COMPONENT","93"
"93","COMPONENT","93"
"94","COMPONENT","93"
"95","COMPONENT","93"
"96","COMPONENT","93"
"97","COMPONENT","93"
"98","COMPONENT","93"
"99","COMPONENT","93"
"100","COMPONENT","92"
"87","COMPONENT","95"
"87","COMPONENT","95"
"77","COMPONENT","60"
"105","COMPONENT","60"
"103","COMPONENT","60"
"101","COMPONENT","60"
"104","COMPONENT","60"
"102","COMPONENT","60"
"12","COMPONENT","57"
"12","COMPONENT","58"
"12","COMPONENT","59"
"28","COMPONENT","61"
"29","COMPONENT","61"
"30","COMPONENT","61"
"31","COMPONENT","61"
"32","COMPONENT","61"
"33","COMPONENT","61"
"35","COMPONENT","62"
"34","COMPONENT","62"
"19","COMPONENT","63"
"102","COMPONENT","60"
"103","COMPONENT","60"
"104","COMPONENT","60"
"77","COMPONENT","60"
"72","COMPONENT","64"
"71","COMPONENT","64"
"129","COMPONENT","53"
"6","COMPONENT","53"
"67","COMPONENT","53"
"6","COMPONENT","51"
"113","COMPONENT","112"
"112","COMPONENT","113"
"7","COMPONENT","74"
"45","COMPONENT","108"
"83","COMPONENT","81"
"15","COMPONENT","61"
"35","COMPONENT","61"
"133","COMPONENT","182"
"137","COMPONENT","182"
"135","COMPONENT","182"
"136","COMPONENT","182"
"131","COMPONENT","182"
"132","COMPONENT","182"
"134","COMPONENT","182"
